{
    "RMSE_HYBRID": 8.400421770705051e-07,
    "R2_HYBRID": 0.0,
    "params": [
        0.616312690683782,
        0.8763265294854641,
        1.0
    ]
}